name,scab,healthy,frog_eye_leaf_spot,rust,complex,powdery_mildew,scab frog_eye_leaf_spot,scab frog_eye_leaf_spot complex,frog_eye_leaf_spot complex,rust frog_eye_leaf_spot,rust complex,powdery_mildew complex
85f8cb619c66b863.jpg,0.07950604,0.04487444,0.079405405,0.08152406,0.17012277,0.07656095,0.07659514,0.080396004,0.04540855,0.07133883,0.046704993,0.14756286
ad8770db05586b59.jpg,0.07387378,0.0376116,0.054653678,0.028252073,0.10106108,0.042969987,0.28069526,0.02987573,0.06260591,0.1315768,0.12291602,0.033908058
c7b03e718489f3ca.jpg,0.13474427,0.008283267,0.032716643,0.068540856,0.110411026,0.0577878,0.17710714,0.035344966,0.020562602,0.0915339,0.11458114,0.14838637
