name,scab,healthy,frog_eye_leaf_spot,rust,complex,powdery_mildew
85f8cb619c66b863.jpg,0.15809222,0.13337171,0.3451205,0.29809317,0.8108417,0.00014994218
ad8770db05586b59.jpg,0.6879675,0.00016646655,0.786654,0.00017963581,0.9848162,0.00043308755
c7b03e718489f3ca.jpg,0.03376595,6.907247e-05,0.9998867,0.00013390744,0.2961774,1.9431875e-05
