name,scab,healthy,frog_eye_leaf_spot,rust,complex,powdery_mildew
85f8cb619c66b863.jpg,0.9972141,0.0033080094,0.7887659,0.0004894506,0.019999258,0.00046917677
ad8770db05586b59.jpg,0.15149432,0.00084808975,0.98798025,0.00051076594,0.02003922,0.0014909541
c7b03e718489f3ca.jpg,0.014126,2.905964e-05,0.9999853,0.0054012607,0.00022103073,0.00017759869
