name,scab,healthy,frog_eye_leaf_spot,rust,complex,powdery_mildew,scab frog_eye_leaf_spot,scab frog_eye_leaf_spot complex,frog_eye_leaf_spot complex,rust frog_eye_leaf_spot,rust complex,powdery_mildew complex
85f8cb619c66b863.jpg,0.46190345,0.0011228735,6.6297666e-08,0.0013380887,0.4259068,0.00016434962,0.08751631,0.00045189576,0.0011845586,9.693979e-06,0.0001894212,0.020212432
ad8770db05586b59.jpg,1.3231666e-07,4.025287e-11,0.00096284633,1.6389306e-07,0.4910062,2.9744088e-10,0.28764352,0.13379891,0.08629151,0.00013492534,0.0001614838,3.6712345e-07
c7b03e718489f3ca.jpg,1.1150318e-06,1.62938e-08,0.886408,0.0033349597,0.031521294,4.1285383e-10,0.07616317,0.0003769917,0.0010099838,0.0011791368,5.2708815e-06,1.5153361e-07
