name,scab,healthy,frog_eye_leaf_spot,rust,complex,powdery_mildew
85f8cb619c66b863.jpg,0.23247105,0.0047282083,0.15943122,0.97307646,0.29821908,0.052578334
ad8770db05586b59.jpg,0.6585425,0.00037255685,0.7209401,0.48289075,0.9729771,0.024541337
c7b03e718489f3ca.jpg,0.14951587,0.00038501577,0.99583316,0.2986404,0.5439442,0.0033735088
